A_absolute_error_ms,A_ape_pct,A_baseline_ms,A_signed_error_ms,B_absolute_error_ms,B_ape_pct,B_kernel_ms,B_signed_error_ms,binary_match,changed_compute_demands,common_exact_keys,dram_nand_ledger,eligible_holdout_events,exact_hits,hardware_match,improvement_ape_pp,kernel_holdout_ape_max_pct,kernel_holdout_ape_median_pct,kernel_holdout_ape_p90_pct,kernel_holdout_events,kernel_train_events,metric,model,native_capture_runtime_match,native_ms,notes,profile_entries,route_status,scope,simulator_runtime_match
16.42945054,51.940977333,15.20154946,-16.42945054,16.42945054,51.940977333,15.20154946,-16.42945054,True,26,,not_applicable (GPU replay; DRAM/NAND ledger not authored),,26,True,0.0,,,,,,ttft,qwen25,True,31.631,"Strict replay() engine contract; A/B stage/operator only; memory, phase, launch and request boundaries off",,fresh_current_binary_exact,target_long_p4_r1_engine,True
1.882404486,38.108246806,3.057220514,-1.882404486,1.882404486,38.108246806,3.057220514,-1.882404486,True,26,,not_applicable (GPU replay; DRAM/NAND ledger not authored),,26,True,0.0,,,,,,tpot,qwen25,True,4.939625,"Strict replay() engine contract; A/B stage/operator only; memory, phase, launch and request boundaries off",,fresh_current_binary_exact,target_long_p4_r1_engine,True
104.016072535,39.116653988,161.896427465,-104.016072535,104.016072535,39.116653988,161.896427465,-104.016072535,True,26,,not_applicable (GPU replay; DRAM/NAND ledger not authored),,26,True,0.0,,,,,,e2e,qwen25,True,265.9125,"Strict replay() engine contract; A/B stage/operator only; memory, phase, launch and request boundaries off",,fresh_current_binary_exact,target_long_p4_r1_engine,True
142.110089601,108.227764506,273.416589601,142.110089601,145.059535704,110.473994589,276.366035704,145.059535704,True,220,,not_applicable (GPU replay; DRAM/NAND ledger not authored),,220,True,-2.246230082,,,,,,ttft,qwen35,True,131.3065,"Strict replay() engine contract; A/B stage/operator only; memory, phase, launch and request boundaries off",,fresh_current_binary_exact,target_long_p4_r1_engine,True
1.771755418,22.052415959,6.262536249,-1.771755418,1.710308624,21.287609348,6.323983043,-1.710308624,True,220,,not_applicable (GPU replay; DRAM/NAND ledger not authored),,220,True,0.764806611,,,,,,tpot,qwen35,True,8.034291667,"Strict replay() engine contract; A/B stage/operator only; memory, phase, launch and request boundaries off",,fresh_current_binary_exact,target_long_p4_r1_engine,True
128.893721848,24.805548293,648.510221848,128.893721848,134.761890657,25.934875174,654.378390657,134.761890657,True,220,,not_applicable (GPU replay; DRAM/NAND ledger not authored),,220,True,-1.12932688,,,,,,e2e,qwen35,True,519.6165,"Strict replay() engine contract; A/B stage/operator only; memory, phase, launch and request boundaries off",,fresh_current_binary_exact,target_long_p4_r1_engine,True
3.353451222,8.719208596,41.813951222,3.353451222,3.353451222,8.719208596,41.813951222,3.353451222,True,26,,not_applicable (GPU replay; DRAM/NAND ledger not authored),,26,True,0.0,,,,,,ttft,smollm2,True,38.4605,"Strict replay() engine contract; A/B stage/operator only; memory, phase, launch and request boundaries off",,fresh_current_binary_exact,target_long_p4_r1_engine,True
0.136434155,2.187843609,6.372444572,0.136434155,0.136434155,2.187843609,6.372444572,0.136434155,True,26,,not_applicable (GPU replay; DRAM/NAND ledger not authored),,26,True,0.0,,,,,,tpot,smollm2,True,6.236010417,"Strict replay() engine contract; A/B stage/operator only; memory, phase, launch and request boundaries off",,fresh_current_binary_exact,target_long_p4_r1_engine,True
13.201225282,3.948744455,347.515725282,13.201225282,13.201225282,3.948744455,347.515725282,13.201225282,True,26,,not_applicable (GPU replay; DRAM/NAND ledger not authored),,26,True,0.0,,,,,,e2e,smollm2,True,334.3145,"Strict replay() engine contract; A/B stage/operator only; memory, phase, launch and request boundaries off",,fresh_current_binary_exact,target_long_p4_r1_engine,True
0.016108445,0.051894091,31.057108445,0.016108445,0.016108445,0.051894091,31.057108445,0.016108445,True,0,,not_applicable (GPU replay; DRAM/NAND ledger not authored),,0,True,0.0,,,,,,ttft,tinyllama,True,31.041,"Strict replay() engine contract; A/B stage/operator only; memory, phase, launch and request boundaries off",,fresh_current_binary_exact_shape_miss,target_long_p4_r1_engine,True
2.25676915,46.408821729,2.606032933,-2.25676915,2.25676915,46.408821729,2.606032933,-2.25676915,True,0,,not_applicable (GPU replay; DRAM/NAND ledger not authored),,0,True,0.0,,,,,,tpot,tinyllama,True,4.862802083,"Strict replay() engine contract; A/B stage/operator only; memory, phase, launch and request boundaries off",,fresh_current_binary_exact_shape_miss,target_long_p4_r1_engine,True
110.348310749,41.407272462,156.146689251,-110.348310749,110.348310749,41.407272462,156.146689251,-110.348310749,True,0,,not_applicable (GPU replay; DRAM/NAND ledger not authored),,0,True,0.0,,,,,,e2e,tinyllama,True,266.495,"Strict replay() engine contract; A/B stage/operator only; memory, phase, launch and request boundaries off",,fresh_current_binary_exact_shape_miss,target_long_p4_r1_engine,True
40.024027498,43.910550305,51.124972502,-40.024027498,40.024027498,43.910550305,51.124972502,-40.024027498,True,72,,not_applicable (GPU kernel-only replay; DRAM/NAND ledger separate),,72,True,0.0,,,,,,ttft,qwen38_gpu,True,91.149,Current 705ea GPU full-offload Nsight capture; diagnostic native timing status; exact demand changed but engine critical path unchanged,,fresh_current_binary_gpu_exact_diagnostic,fresh_current_gpu_train_p14_o8,True
26.787209875,101.198921212,53.257067018,26.787209875,26.787209875,101.198921212,53.257067018,26.787209875,True,72,,not_applicable (GPU kernel-only replay; DRAM/NAND ledger separate),,72,True,0.0,,,,,,tpot,qwen38_gpu,True,26.469857143,Current 705ea GPU full-offload Nsight capture; diagnostic native timing status; exact demand changed but engine critical path unchanged,,fresh_current_binary_gpu_exact_diagnostic,fresh_current_gpu_train_p14_o8,True
147.486441628,53.352448516,423.924441628,147.486441628,147.486441628,53.352448516,423.924441628,147.486441628,True,72,,not_applicable (GPU kernel-only replay; DRAM/NAND ledger separate),,72,True,0.0,,,,,,e2e,qwen38_gpu,True,276.438,Current 705ea GPU full-offload Nsight capture; diagnostic native timing status; exact demand changed but engine critical path unchanged,,fresh_current_binary_gpu_exact_diagnostic,fresh_current_gpu_train_p14_o8,True
35.477831824,38.212715901,57.365168176,-35.477831824,35.477831824,38.212715901,57.365168176,-35.477831824,True,68,,not_applicable (GPU kernel-only replay; DRAM/NAND ledger separate),,68,True,0.0,,,,,,ttft,qwen38_gpu,True,92.843,Current 705ea GPU full-offload Nsight capture; diagnostic native timing status; exact demand changed but engine critical path unchanged,,fresh_current_binary_gpu_exact_diagnostic,fresh_current_gpu_holdout_p18_o4,True
26.716016351,100.755589845,53.231683018,26.716016351,26.716016351,100.755589845,53.231683018,26.716016351,True,68,,not_applicable (GPU kernel-only replay; DRAM/NAND ledger separate),,68,True,0.0,,,,,,tpot,qwen38_gpu,True,26.515666667,Current 705ea GPU full-offload Nsight capture; diagnostic native timing status; exact demand changed but engine critical path unchanged,,fresh_current_binary_gpu_exact_diagnostic,fresh_current_gpu_holdout_p18_o4,True
44.670217229,25.912301891,217.060217229,44.670217229,44.670217229,25.912301891,217.060217229,44.670217229,True,68,,not_applicable (GPU kernel-only replay; DRAM/NAND ledger separate),,68,True,0.0,,,,,,e2e,qwen38_gpu,True,172.39,Current 705ea GPU full-offload Nsight capture; diagnostic native timing status; exact demand changed but engine critical path unchanged,,fresh_current_binary_gpu_exact_diagnostic,fresh_current_gpu_holdout_p18_o4,True
289.971152455,56.515447297,803.054152455,289.971152455,289.971152455,56.515447297,803.054152455,289.971152455,False,0,,not_applicable (historical GPU screening; no authored DRAM/NAND ledger),,0,True,0.0,,,,,,ttft,qwen38_gpu,False,513.083,Native binary 9882ee2a… and runtime 2ccef2df…; kernel samples empty/no_measurements; current binary/profile not used,,historical_gpu_native_screening_analytical_fallback,historical_gpu_p512_o128_c1,False
3.345816249,13.485487111,21.464679814,-3.345816249,3.345816249,13.485487111,21.464679814,-3.345816249,False,0,,not_applicable (historical GPU screening; no authored DRAM/NAND ledger),,0,True,0.0,,,,,,tpot,qwen38_gpu,False,24.810496063,Native binary 9882ee2a… and runtime 2ccef2df…; kernel samples empty/no_measurements; current binary/profile not used,,historical_gpu_native_screening_analytical_fallback,historical_gpu_p512_o128_c1,False
136.700511122,3.729108711,3529.068488878,-136.700511122,136.700511122,3.729108711,3529.068488878,-136.700511122,False,0,,not_applicable (historical GPU screening; no authored DRAM/NAND ledger),,0,True,0.0,,,,,,e2e,qwen38_gpu,False,3665.769,Native binary 9882ee2a… and runtime 2ccef2df…; kernel samples empty/no_measurements; current binary/profile not used,,historical_gpu_native_screening_analytical_fallback,historical_gpu_p512_o128_c1,False
,,,,,,,,True,,31,kernel-only profile carries no DRAM/NAND service demand; storage ledger separate,8272,31,True,,2.238412921348315,0.12755253819460943,0.7176263733467979,8272,16048,kernel_holdout_summary,qwen25,True,,"exact common train/holdout keys; kernel holdout is device-kernel error, not model-total latency",75,fresh_current_binary_kernel_exact,kernel_holdout,True
,,,,,,,,True,,n/a (partial),kernel-only profile carries no DRAM/NAND service demand; storage ledger separate,11000,n/a,True,,,0.32270801703802054,1.255110196507152,11000,9534,kernel_holdout_summary,qwen35,True,,"exact common train/holdout keys; kernel holdout is device-kernel error, not model-total latency",94 valid / 9564 blocked,fresh_current_binary_kernel_exact,kernel_holdout,True
,,,,,,,,True,,28,kernel-only profile carries no DRAM/NAND service demand; storage ledger separate,8129,28,True,,12.05899229254222,0.1791884646507212,1.8487638657289929,8129,15905,kernel_holdout_summary,smollm2,True,,"exact common train/holdout keys; kernel holdout is device-kernel error, not model-total latency",58,fresh_current_binary_kernel_exact,kernel_holdout,True
,,,,,,,,True,,38,kernel-only profile carries no DRAM/NAND service demand; storage ledger separate,6678,38,True,,1.9393086816720257,0.17116076283311948,0.9610823914949437,6678,13078,kernel_holdout_summary,tinyllama,True,,"exact common train/holdout keys; kernel holdout is device-kernel error, not model-total latency",38,fresh_current_binary_kernel_exact,kernel_holdout,True
,,,,,,,,True,,78,kernel-only profile carries no DRAM/NAND service demand; storage ledger separate,10913,6272,True,,28.673481012068226,0.30238402990417435,1.970443349753704,10913,18673,kernel_holdout_summary,qwen38_gpu,True,,"exact common train/holdout keys; kernel holdout is device-kernel error, not model-total latency",140,fresh_current_binary_gpu_exact_covered,kernel_holdout,True
1118.024096907,9.391819674,13022.257096907,1118.024096907,1118.024096907,9.391819674,13022.257096907,1118.024096907,True,0,,A/B invariant; no DRAM/NAND mutation,,0,True,0.0,,,,,,ttft,qwen38,True,11904.233,"CPU direct capture has no CUDA kernels and missing stage/layout/kernel_family; retained only as diagnostic, never used for GPU calibration",,excluded_cpu_no_cuda_kernel,excluded_cpu_long_p4_r1,True
927.768013723,73.701554544,331.049414848,-927.768013723,927.768013723,73.701554544,331.049414848,-927.768013723,True,0,,A/B invariant; no DRAM/NAND mutation,,0,True,0.0,,,,,,tpot,qwen38,True,1258.817428571,"CPU direct capture has no CUDA kernels and missing stage/layout/kernel_family; retained only as diagnostic, never used for GPU calibration",,excluded_cpu_no_cuda_kernel,excluded_cpu_long_p4_r1,True
4102.149833651,19.258046014,17198.816166349,-4102.149833651,4102.149833651,19.258046014,17198.816166349,-4102.149833651,True,0,,A/B invariant; no DRAM/NAND mutation,,0,True,0.0,,,,,,e2e,qwen38,True,21300.966,"CPU direct capture has no CUDA kernels and missing stage/layout/kernel_family; retained only as diagnostic, never used for GPU calibration",,excluded_cpu_no_cuda_kernel,excluded_cpu_long_p4_r1,True
