dataset,cell_id,model,metric,native_ms,A_simulator_ms,B_simulator_ms,A_signed_error_ms,B_signed_error_ms,A_absolute_error_ms,B_absolute_error_ms,A_signed_error_pct,B_signed_error_pct,A_ape_pct,B_ape_pct,improvement_ape_pp,status,profile_gate
qwen25_joint_ab,qwen25__long__long__p4__r1,qwen25,ttft_ms,31.631,15.201549459772181,34.223951393524594,-16.42945054022782,2.5929513935245936,16.42945054022782,2.5929513935245936,-51.94097733308406,8.197500532783009,51.94097733308406,8.197500532783009,43.743476800301046,improved,pass
qwen25_joint_ab,qwen25__long__long__p4__r1,qwen25,tpot_ms,4.9396249999999995,3.057220513708259,3.462309383293988,-1.8824044862917404,-1.4773156167060115,1.8824044862917404,1.4773156167060115,-38.10824680601747,-29.907444729225634,38.10824680601747,29.907444729225634,8.200802076791835,improved,pass
qwen25_joint_ab,qwen25__long__long__p4__r1,qwen25,e2e_ms,265.9125,161.89642746471702,200.42610486763908,-104.016072535283,-65.48639513236094,104.016072535283,65.48639513236094,-39.11665398779034,-24.62704654063308,39.11665398779034,24.62704654063308,14.489607447157262,improved,pass
qwen25_joint_ab,qwen25__long__long__p4__r2,qwen25,ttft_ms,31.266499999999997,15.201549459772181,34.223951393524594,-16.064950540227816,2.9574513935245967,16.064950540227816,2.9574513935245967,-51.380712712416866,9.458850186380301,51.380712712416866,9.458850186380301,41.92186252603656,improved,pass
qwen25_joint_ab,qwen25__long__long__p4__r2,qwen25,tpot_ms,4.986916666666667,3.057220513708259,3.462309383293988,-1.9296961529584076,-1.5246072833726787,1.9296961529584076,1.5246072833726787,-38.69517543488944,-30.572142774379866,38.69517543488944,30.572142774379866,8.123032660509576,improved,pass
qwen25_joint_ab,qwen25__long__long__p4__r2,qwen25,e2e_ms,268.2055,161.89642746471702,200.42610486763908,-106.30907253528295,-67.77939513236089,106.30907253528295,67.77939513236089,-39.63717095111136,-25.271441164465642,39.63717095111136,25.271441164465642,14.365729786645716,improved,pass
qwen25_joint_ab,qwen25__long__long__p4__r3,qwen25,ttft_ms,32.415,15.201549459772181,34.223951393524594,-17.213450540227818,1.8089513935245947,17.213450540227818,1.8089513935245947,-53.1033488823934,5.580599702374193,53.1033488823934,5.580599702374193,47.522749180019204,improved,pass
qwen25_joint_ab,qwen25__long__long__p4__r3,qwen25,tpot_ms,5.0795416666666675,3.057220513708259,3.462309383293988,-2.0223211529584084,-1.6172322833726795,2.0223211529584084,1.6172322833726795,-39.81306357283039,-31.838153705587203,39.81306357283039,31.838153705587203,7.974909867243184,improved,pass
qwen25_joint_ab,qwen25__long__long__p4__r3,qwen25,e2e_ms,273.68100000000004,161.89642746471702,200.42610486763908,-111.78457253528302,-73.25489513236096,111.78457253528302,73.25489513236096,-40.84484218315594,-26.766525674913836,40.84484218315594,26.766525674913836,14.078316508242104,improved,pass
round067_historical_replay,qwen25__long__long__p4__r1,qwen25,ttft_ms,31.631,15.201549459772181,,-16.42945054022782,,16.42945054022782,,-51.940977333084064,,51.940977333084064,,,baseline_only,not_run
round067_historical_replay,qwen25__long__long__p4__r1,qwen25,tpot_ms,4.9396249999999995,3.057220513708259,,-1.8824044862917404,,1.8824044862917404,,-38.108246806017476,,38.108246806017476,,,baseline_only,not_run
round067_historical_replay,qwen25__long__long__p4__r1,qwen25,e2e_ms,265.9125,161.89642746471702,,-104.016072535283,,104.016072535283,,-39.11665398779034,,39.11665398779034,,,baseline_only,not_run
round067_historical_replay,qwen35__long__long__p4__r1,qwen35,ttft_ms,131.3065,273.4165896013003,,142.1100896013003,,142.1100896013003,,108.22776450617471,,108.22776450617471,,,baseline_only,not_run
round067_historical_replay,qwen35__long__long__p4__r1,qwen35,tpot_ms,8.034291666666666,6.262536248972229,,-1.771755417694437,,1.771755417694437,,-22.052415959022778,,22.052415959022778,,,baseline_only,not_run
round067_historical_replay,qwen35__long__long__p4__r1,qwen35,e2e_ms,519.6165,648.5102218475389,,128.89372184753893,,128.89372184753893,,24.805548293316114,,24.805548293316114,,,baseline_only,not_run
round067_historical_replay,qwen38__long__long__p4__r1,qwen38,ttft_ms,11904.232999999998,13022.257096907193,,1118.0240969071947,,1118.0240969071947,,9.391819673784903,,9.391819673784903,,,baseline_only,not_run
round067_historical_replay,qwen38__long__long__p4__r1,qwen38,tpot_ms,1258.8174285714285,331.04941484845557,,-927.7680137229729,,927.7680137229729,,-73.70155454360466,,73.70155454360466,,,baseline_only,not_run
round067_historical_replay,qwen38__long__long__p4__r1,qwen38,e2e_ms,21300.966,17198.816166348868,,-4102.149833651132,,4102.149833651132,,-19.258046013740092,,19.258046013740092,,,baseline_only,not_run
round067_historical_replay,smollm2__long__long__p4__r1,smollm2,ttft_ms,38.4605,41.81395122207267,,3.353451222072664,,3.353451222072664,,8.719208596021017,,8.719208596021017,,,baseline_only,not_run
round067_historical_replay,smollm2__long__long__p4__r1,smollm2,tpot_ms,6.236010416666666,6.372444572043621,,0.13643415537695525,,0.13643415537695525,,2.1878436093101232,,2.1878436093101232,,,baseline_only,not_run
round067_historical_replay,smollm2__long__long__p4__r1,smollm2,e2e_ms,334.31449999999995,347.5157252818557,,13.201225281855727,,13.201225281855727,,3.9487444552526823,,3.9487444552526823,,,baseline_only,not_run
round067_historical_replay,tinyllama__long__long__p4__r1,tinyllama,ttft_ms,31.041000000000004,31.057108444876565,,0.01610844487656138,,0.01610844487656138,,0.05189409128752739,,0.05189409128752739,,,baseline_only,not_run
round067_historical_replay,tinyllama__long__long__p4__r1,tinyllama,tpot_ms,4.862802083333333,2.6060329334661496,,-2.256769149867184,,2.256769149867184,,-46.40882172856649,,46.40882172856649,,,baseline_only,not_run
round067_historical_replay,tinyllama__long__long__p4__r1,tinyllama,e2e_ms,266.495,156.14668925125173,,-110.34831074874828,,110.34831074874828,,-41.407272462428296,,41.407272462428296,,,baseline_only,not_run
