model,scope,route_status,metric,native_ms,A_baseline_ms,B_kernel_ms,A_signed_error_ms,B_signed_error_ms,A_absolute_error_ms,B_absolute_error_ms,A_ape_pct,B_ape_pct,improvement_ape_pp,exact_hits,changed_compute_demands,dram_nand_ledger,notes
qwen35,target_long_p4_r1_engine,fresh_current_binary_kernel_exact_partial,ttft,131.3065,273.41659,285.7199682486389,142.11008999999999,154.4134682486389,142.11008999999999,154.4134682486389,108.2277648098152,117.59773373644025,-9.369968926625049,48,220,not_applicable (GPU replay no authored DRAM/NAND),"fresh current-binary profile; 94 valid exact keys, 9564 blocked dimensions; no model-level fit"
qwen35,target_long_p4_r1_engine,fresh_current_binary_kernel_exact_partial,tpot,8.034291666666666,6.262536,6.32398304278664,-1.7717556666666665,-1.7103086238800262,1.7717556666666665,1.7103086238800262,22.052419057892468,21.287609348013792,0.7648097098786764,48,220,not_applicable (GPU replay no authored DRAM/NAND),"fresh current-binary profile; 94 valid exact keys, 9564 blocked dimensions; no model-level fit"
qwen35,target_long_p4_r1_engine,fresh_current_binary_kernel_exact_partial,e2e,519.6165,648.510222,654.3783906568151,128.89372200000003,134.76189065681513,128.89372200000003,134.76189065681513,24.8055483226572,25.934875173674264,-1.1293268510170655,48,220,not_applicable (GPU replay no authored DRAM/NAND),"fresh current-binary profile; 94 valid exact keys, 9564 blocked dimensions; no model-level fit"
qwen38,target_long_p4_r1_engine,fresh_cpu_operator_blocked_exact,ttft,11904.232999999998,13022.257096907193,13022.257096907193,1118.0240969071947,1118.0240969071947,1118.0240969071947,1118.0240969071947,9.391819673784903,9.391819673784903,0.0,0,0,passed (A/B invariant),CPU direct capture has phase/shape/type but no stage/layout/kernel_family; no inference
qwen38,target_long_p4_r1_engine,fresh_cpu_operator_blocked_exact,tpot,1258.8174285714285,331.04941484845557,331.04941484845557,-927.7680137229729,-927.7680137229729,927.7680137229729,927.7680137229729,73.70155454360466,73.70155454360466,0.0,0,0,passed (A/B invariant),CPU direct capture has phase/shape/type but no stage/layout/kernel_family; no inference
qwen38,target_long_p4_r1_engine,fresh_cpu_operator_blocked_exact,e2e,21300.966,17198.816166348868,17198.816166348868,-4102.149833651132,-4102.149833651132,4102.149833651132,4102.149833651132,19.258046013740092,19.258046013740092,0.0,0,0,passed (A/B invariant),CPU direct capture has phase/shape/type but no stage/layout/kernel_family; no inference
tinyllama,target_long_p4_r1_engine,fresh_current_binary_kernel_exact_shape_domain_miss,ttft,31.041000000000004,31.057108444876565,31.057108444876565,0.01610844487656138,0.01610844487656138,0.01610844487656138,0.01610844487656138,0.051894091287527394,0.051894091287527394,0.0,0,0,passed (A/B invariant),fresh profile has 38 common exact keys; target long/p4 replay produced no matching demand
tinyllama,target_long_p4_r1_engine,fresh_current_binary_kernel_exact_shape_domain_miss,tpot,4.862802083333333,2.6060329334661496,2.6060329334661496,-2.256769149867184,-2.256769149867184,2.256769149867184,2.256769149867184,46.40882172856649,46.40882172856649,0.0,0,0,passed (A/B invariant),fresh profile has 38 common exact keys; target long/p4 replay produced no matching demand
tinyllama,target_long_p4_r1_engine,fresh_current_binary_kernel_exact_shape_domain_miss,e2e,266.495,156.14668925125173,156.14668925125173,-110.34831074874828,-110.34831074874828,110.34831074874828,110.34831074874828,41.40727246242829,41.40727246242829,0.0,0,0,passed (A/B invariant),fresh profile has 38 common exact keys; target long/p4 replay produced no matching demand
qwen25,kernel_holdout,fresh_current_binary_kernel_exact_covered,kernel_holdout_summary,,,,,,,,,,,31,31,passed (kernel-only zero ledger + storage companion),train/holdout events 16048/8272; profile entries 75; common exact 31; kernel APE median/P90/max 0.12755253819460943/0.7176263733467979/2.238412921348315%
qwen35,kernel_holdout,fresh_current_binary_kernel_exact_partial,kernel_holdout_summary,,,,,,,,,,,48,220,not_applicable (GPU replay),train/holdout events 9534/11000; profile entries 94; common exact n/a; kernel APE median/P90/max 0.32270801703802054/1.255110196507152/None%
smollm2,kernel_holdout,fresh_current_binary_kernel_exact_covered,kernel_holdout_summary,,,,,,,,,,,28,28,passed (kernel-only zero ledger + storage companion),train/holdout events 15905/8129; profile entries 58; common exact 28; kernel APE median/P90/max 0.1791884646507212/1.8487638657289929/12.05899229254222%
tinyllama,kernel_holdout,fresh_current_binary_kernel_exact_covered_target_domain_miss,kernel_holdout_summary,,,,,,,,,,,0,0,passed (A/B invariant),train/holdout events 13078/6678; profile entries 38; common exact 38; kernel APE median/P90/max 0.17116076283311948/0.9610823914949437/1.9393086816720257%
qwen38,kernel_holdout,fresh_cpu_operator_blocked_exact,kernel_holdout_summary,,,,,,,,,,,0,0,passed (A/B invariant),train/holdout events 6684/6668; profile entries 0; common exact 0; kernel APE median/P90/max None/None/None%
